{"count":1,"self":43.1203168,"total":43.673438499999996,"children":{"InitializeActuators":{"count":1,"self":0.0010050999999999999,"total":0.0010050999999999999,"children":null},"InitializeSensors":{"count":1,"self":0.0019993999999999997,"total":0.0019993999999999997,"children":null},"AgentSendState":{"count":1939,"self":0.13871329999999998,"total":0.15969319999999998,"children":{"CollectObservations":{"count":388,"self":0.0060073999999999995,"total":0.0060073999999999995,"children":null},"WriteActionMask":{"count":388,"self":0.0009968,"total":0.0009968,"children":null},"RequestDecision":{"count":388,"self":0.013975699999999999,"total":0.013975699999999999,"children":null}}},"DecideAction":{"count":1939,"self":0.3455918,"total":0.3734071,"children":{"RayPerceptionSensor.Perceive":{"count":4656,"self":0.027815299999999998,"total":0.027815299999999998,"children":null}}},"AgentAct":{"count":1939,"self":0.0160155,"total":0.0160155,"children":null}},"gauges":{},"metadata":{"timer_format_version":"0.1.0","start_time_seconds":"1677673224","unity_version":"2021.3.13f1","command_line_arguments":"C:\\Program Files\\Unity\\Hub\\Editor\\2021.3.13f1\\Editor\\Unity.exe -projectpath C:\\Users\\itzik\\UnityHW\\SmartRollABall -useHub -hubIPC -cloudEnvironment production -licensingIpc LicenseClient-itzik -hubSessionId 14b6b8a0-b500-11ed-9dd2-8fc40065c074 -accessToken EuYgvjNOO48Y3P-td1uRj6DBIQaCNRMGy33FzwzWVF0011f","communication_protocol_version":"1.5.0","com.unity.ml-agents_version":"2.0.1","scene_name":"Stage - 01","end_time_seconds":"1677673268"}}