{"count":1,"self":78.5499328,"total":78.741489899999991,"children":{"InitializeActuators":{"count":1,"self":0.0019979999999999998,"total":0.0019979999999999998,"children":null},"InitializeSensors":{"count":1,"self":0.002513,"total":0.002513,"children":null},"AgentSendState":{"count":944,"self":0.017024,"total":0.030537199999999997,"children":{"CollectObservations":{"count":189,"self":0.0010015,"total":0.0010015,"children":null},"WriteActionMask":{"count":189,"self":0.00099899999999999989,"total":0.00099899999999999989,"children":null},"RequestDecision":{"count":189,"self":0.011512699999999999,"total":0.011512699999999999,"children":null}}},"DecideAction":{"count":944,"self":0.14385789999999998,"total":0.14385789999999998,"children":{"RayPerceptionSensor.Perceive":{"count":189,"self":0,"total":0,"children":null}}},"AgentAct":{"count":944,"self":0.011649099999999999,"total":0.011649099999999999,"children":null}},"gauges":{},"metadata":{"timer_format_version":"0.1.0","start_time_seconds":"1676222856","unity_version":"2021.3.13f1","command_line_arguments":"C:\\Program Files\\Unity\\Hub\\Editor\\2021.3.13f1\\Editor\\Unity.exe -projectpath C:\\Users\\itzik\\UnityHW\\SmartRollABall -useHub -hubIPC -cloudEnvironment production -licensingIpc LicenseClient-itzik -hubSessionId 1e5eb380-aaec-11ed-9bfe-05f842b89652","communication_protocol_version":"1.5.0","com.unity.ml-agents_version":"2.0.1","scene_name":"Stage - 01","end_time_seconds":"1676222935"}}