{"count":1,"self":25.2642992,"total":25.392025999999998,"children":{"InitializeActuators":{"count":3,"self":0.000982,"total":0.000982,"children":null},"InitializeSensors":{"count":3,"self":0.0011719999999999999,"total":0.0011719999999999999,"children":null},"AgentSendState":{"count":1245,"self":0.015785999999999998,"total":0.025689999999999998,"children":{"CollectObservations":{"count":747,"self":0.002248,"total":0.002248,"children":null},"WriteActionMask":{"count":747,"self":0.00062999999999999992,"total":0.00062999999999999992,"children":null},"RequestDecision":{"count":747,"self":0.0070259999999999993,"total":0.0070259999999999993,"children":null}}},"DecideAction":{"count":1245,"self":0.087254,"total":0.088146999999999989,"children":{"RayPerceptionSensor.Perceive":{"count":747,"self":0.00089299999999999991,"total":0.00089299999999999991,"children":null}}},"AgentAct":{"count":1245,"self":0.011507999999999999,"total":0.011507999999999999,"children":null}},"gauges":{},"metadata":{"timer_format_version":"0.1.0","start_time_seconds":"1676469850","unity_version":"2021.3.13f1","command_line_arguments":"\/Applications\/Unity\/Hub\/Editor\/2021.3.13f1\/Unity.app\/Contents\/MacOS\/Unity -projectpath \/Users\/daniellif\/Desktop\/unity\/SmartRollABall -useHub -hubIPC -cloudEnvironment production -licensingIpc LicenseClient-daniellif -hubSessionId 31cf35b0-ad22-11ed-87e0-759c1c4b3b75 -accessToken MX0IYLZNxBQK6RKaPocVaNvzcB0303bJuDBK1uhiFoU011f","communication_protocol_version":"1.5.0","com.unity.ml-agents_version":"2.0.1","scene_name":"Training Environment","end_time_seconds":"1676469875"}}