{"count":1,"self":41.409523199999995,"total":41.8762234,"children":{"InitializeActuators":{"count":3,"self":0.00099969999999999985,"total":0.00099969999999999985,"children":null},"InitializeSensors":{"count":3,"self":0.0029999,"total":0.0029999,"children":null},"AgentSendState":{"count":1803,"self":0.060005899999999994,"total":0.09049059999999999,"children":{"CollectObservations":{"count":1083,"self":0.0060062,"total":0.0060062,"children":null},"WriteActionMask":{"count":1083,"self":0.0045093,"total":0.0045093,"children":null},"RequestDecision":{"count":1083,"self":0.0199692,"total":0.0199692,"children":null}}},"DecideAction":{"count":1803,"self":0.3281166,"total":0.33213509999999996,"children":{"RayPerceptionSensor.Perceive":{"count":1083,"self":0.0040184999999999995,"total":0.0040184999999999995,"children":null}}},"AgentAct":{"count":1803,"self":0.040075599999999996,"total":0.040075599999999996,"children":null}},"gauges":{"SmartRollABall.CumulativeReward":{"count":11,"max":-52.0399971,"min":-54.8400154,"runningAverage":-53.3027267,"value":-53.159996,"weightedAverage":-53.1046371}},"metadata":{"timer_format_version":"0.1.0","start_time_seconds":"1676474755","unity_version":"2021.3.13f1","command_line_arguments":"C:\\Program Files\\Unity\\Hub\\Editor\\2021.3.13f1\\Editor\\Unity.exe -projectpath C:\\Users\\itzik\\UnityHW\\SmartRollABall -useHub -hubIPC -cloudEnvironment production -licensingIpc LicenseClient-itzik -hubSessionId 1e5eb380-aaec-11ed-9bfe-05f842b89652","communication_protocol_version":"1.5.0","com.unity.ml-agents_version":"2.0.1","scene_name":"Training Environment","end_time_seconds":"1676474797"}}