{"count":1,"self":2076.1417728,"total":13850.5062442,"children":{"InitializeActuators":{"count":100,"self":0.0020001,"total":0.0020001,"children":null},"InitializeSensors":{"count":100,"self":0.0020004,"total":0.0020004,"children":null},"AgentSendState":{"count":721367,"self":1923.5528703999998,"total":2381.07013,"children":{"CollectObservations":{"count":14427400,"self":30.513497599999997,"total":30.513499099999997,"children":null},"WriteActionMask":{"count":14427400,"self":7.6641183999999996,"total":7.6641181,"children":null},"RequestDecision":{"count":14427400,"self":36.797855999999996,"total":419.339618,"children":{"AgentInfo.ToProto":{"count":14427400,"self":25.184633599999998,"total":382.54176129999996,"children":{"GenerateSensorData":{"count":14427400,"self":242.3305216,"total":357.3571281,"children":{"RayPerceptionSensor.Perceive":{"count":72137000,"self":115.02661119999999,"total":115.026609,"children":null}}}}}}}}},"DecideAction":{"count":721367,"self":9343.3839616,"total":9343.3843216,"children":null},"AgentAct":{"count":721367,"self":49.385852799999995,"total":49.681955099999996,"children":{"AgentInfo.ToProto":{"count":9601,"self":0.0307944,"total":0.296101,"children":{"GenerateSensorData":{"count":9601,"self":0.1757427,"total":0.2653066,"children":{"RayPerceptionSensor.Perceive":{"count":48005,"self":0.0895639,"total":0.0895639,"children":null}}}}}}},"AgentInfo.ToProto":{"count":5949,"self":0.0391385,"total":0.22298949999999998,"children":{"GenerateSensorData":{"count":5949,"self":0.1199093,"total":0.183851,"children":{"RayPerceptionSensor.Perceive":{"count":29745,"self":0.06394169999999999,"total":0.06394169999999999,"children":null}}}}}},"gauges":{"SmartRollABall.CumulativeReward":{"count":15550,"max":26.11002,"min":-79.1677551,"runningAverage":-25.2982082,"value":9.279259,"weightedAverage":-14.7983007}},"metadata":{"timer_format_version":"0.1.0","start_time_seconds":"1676995925","unity_version":"2021.3.13f1","command_line_arguments":"D:\\unity\\2021.3.13f1\\Editor\\Unity.exe -projectpath D:\\unity\\SmartRollABall -useHub -hubIPC -cloudEnvironment production -licensingIpc LicenseClient-danie -hubSessionId 29aa7f40-ad4d-11ed-bfdc-dbfcc477b759 -accessToken nj51i-VkExm0OjXay7cGNIXmNKTz-3O9BEZoCBOLjhY011f","communication_protocol_version":"1.5.0","com.unity.ml-agents_version":"2.0.1","scene_name":"Training Environment Dummy","end_time_seconds":"1677009775"}}