{
    "name": "root",
    "gauges": {
        "AIRollABall.Policy.Entropy.mean": {
            "value": 1.8905673027038574,
            "min": 1.8749003410339355,
            "max": 2.0024325847625732,
            "count": 400
        },
        "AIRollABall.Policy.Entropy.sum": {
            "value": 19193.0390625,
            "min": 17974.67578125,
            "max": 20328.6953125,
            "count": 400
        },
        "AIRollABall.Step.mean": {
            "value": 9999984.0,
            "min": 6009976.0,
            "max": 9999984.0,
            "count": 400
        },
        "AIRollABall.Step.sum": {
            "value": 9999984.0,
            "min": 6009976.0,
            "max": 9999984.0,
            "count": 400
        },
        "AIRollABall.Policy.ExtrinsicValueEstimate.mean": {
            "value": -2.205549955368042,
            "min": -2.3551454544067383,
            "max": -2.1566689014434814,
            "count": 400
        },
        "AIRollABall.Policy.ExtrinsicValueEstimate.sum": {
            "value": -352.88800048828125,
            "min": -381.043212890625,
            "max": -342.9103698730469,
            "count": 400
        },
        "AIRollABall.Environment.EpisodeLength.mean": {
            "value": 999.0,
            "min": 999.0,
            "max": 999.0,
            "count": 400
        },
        "AIRollABall.Environment.EpisodeLength.sum": {
            "value": 8991.0,
            "min": 8991.0,
            "max": 17982.0,
            "count": 400
        },
        "AIRollABall.Environment.CumulativeReward.mean": {
            "value": -21.592220968670315,
            "min": -30.117775602473152,
            "max": -19.338887703501516,
            "count": 400
        },
        "AIRollABall.Environment.CumulativeReward.sum": {
            "value": -194.32998871803284,
            "min": -457.6699723750353,
            "max": -174.04998933151364,
            "count": 400
        },
        "AIRollABall.Policy.ExtrinsicReward.mean": {
            "value": -21.592220968670315,
            "min": -30.117775602473152,
            "max": -19.338887703501516,
            "count": 400
        },
        "AIRollABall.Policy.ExtrinsicReward.sum": {
            "value": -194.32998871803284,
            "min": -457.6699723750353,
            "max": -174.04998933151364,
            "count": 400
        },
        "AIRollABall.IsTraining.mean": {
            "value": 1.0,
            "min": 1.0,
            "max": 1.0,
            "count": 400
        },
        "AIRollABall.IsTraining.sum": {
            "value": 1.0,
            "min": 1.0,
            "max": 1.0,
            "count": 400
        },
        "AIRollABall.Losses.PolicyLoss.mean": {
            "value": 0.018240683324014146,
            "min": 0.009723080601543189,
            "max": 0.02394647750382622,
            "count": 192
        },
        "AIRollABall.Losses.PolicyLoss.sum": {
            "value": 0.018240683324014146,
            "min": 0.009723080601543189,
            "max": 0.02394647750382622,
            "count": 192
        },
        "AIRollABall.Losses.ValueLoss.mean": {
            "value": 0.037845567986369136,
            "min": 0.029097116366028786,
            "max": 0.14214753806591035,
            "count": 192
        },
        "AIRollABall.Losses.ValueLoss.sum": {
            "value": 0.037845567986369136,
            "min": 0.029097116366028786,
            "max": 0.14214753806591035,
            "count": 192
        },
        "AIRollABall.Policy.LearningRate.mean": {
            "value": 1.1001996335999665e-07,
            "min": 1.1001996335999665e-07,
            "max": 0.00011936358021215996,
            "count": 192
        },
        "AIRollABall.Policy.LearningRate.sum": {
            "value": 1.1001996335999665e-07,
            "min": 1.1001996335999665e-07,
            "max": 0.00011936358021215996,
            "count": 192
        },
        "AIRollABall.Policy.Epsilon.mean": {
            "value": 0.10003663999999998,
            "min": 0.10003663999999998,
            "max": 0.13978784,
            "count": 192
        },
        "AIRollABall.Policy.Epsilon.sum": {
            "value": 0.10003663999999998,
            "min": 0.10003663999999998,
            "max": 0.13978784,
            "count": 192
        },
        "AIRollABall.Policy.Beta.mean": {
            "value": 1.1828335999999942e-05,
            "min": 1.1828335999999942e-05,
            "max": 0.0019954132159999993,
            "count": 192
        },
        "AIRollABall.Policy.Beta.sum": {
            "value": 1.1828335999999942e-05,
            "min": 1.1828335999999942e-05,
            "max": 0.0019954132159999993,
            "count": 192
        }
    },
    "metadata": {
        "timer_format_version": "0.1.0",
        "start_time_seconds": "1675771330",
        "python_version": "3.9.13 (tags/v3.9.13:6de2ca5, May 17 2022, 16:36:42) [MSC v.1929 64 bit (AMD64)]",
        "command_line_arguments": "C:\\Users\\itzik\\AppData\\Local\\Programs\\Python\\Python39\\Scripts\\mlagents-learn trainer_config.yaml --run-id=WithObstacle --resume",
        "mlagents_version": "0.30.0",
        "mlagents_envs_version": "0.30.0",
        "communication_protocol_version": "1.5.0",
        "pytorch_version": "1.13.1+cpu",
        "numpy_version": "1.21.2",
        "end_time_seconds": "1675776895"
    },
    "total": 5565.8451681999995,
    "count": 1,
    "self": 0.021895999999287596,
    "children": {
        "run_training.setup": {
            "total": 0.1312145,
            "count": 1,
            "self": 0.1312145
        },
        "TrainerController.start_learning": {
            "total": 5565.6920577,
            "count": 1,
            "self": 9.44230620001872,
            "children": {
                "TrainerController._reset_env": {
                    "total": 57.878919100000005,
                    "count": 1,
                    "self": 57.878919100000005
                },
                "TrainerController.advance": {
                    "total": 5498.311589499982,
                    "count": 444448,
                    "self": 8.62082240003565,
                    "children": {
                        "env_step": {
                            "total": 4387.566058800156,
                            "count": 444448,
                            "self": 3752.8616145996652,
                            "children": {
                                "SubprocessEnvManager._take_step": {
                                    "total": 628.6522262001877,
                                    "count": 444448,
                                    "self": 29.099364100520916,
                                    "children": {
                                        "TorchPolicy.evaluate": {
                                            "total": 599.5528620996668,
                                            "count": 444448,
                                            "self": 599.5528620996668
                                        }
                                    }
                                },
                                "workers": {
                                    "total": 6.052218000302595,
                                    "count": 444448,
                                    "self": 0.0,
                                    "children": {
                                        "worker_root": {
                                            "total": 5496.6320791000635,
                                            "count": 444448,
                                            "is_parallel": true,
                                            "self": 2285.2962394000983,
                                            "children": {
                                                "steps_from_proto": {
                                                    "total": 0.0005178999999984057,
                                                    "count": 1,