{
    "name": "root",
    "metadata": {
        "timer_format_version": "0.1.0",
        "start_time_seconds": "1676475816",
        "python_version": "3.9.13 (tags/v3.9.13:6de2ca5, May 17 2022, 16:36:42) [MSC v.1929 64 bit (AMD64)]",
        "command_line_arguments": "C:\\Users\\itzik\\AppData\\Local\\Programs\\Python\\Python39\\Scripts\\mlagents-learn ./trainer_config.yaml --run-id test001 --force",
        "mlagents_version": "0.30.0",
        "mlagents_envs_version": "0.30.0",
        "communication_protocol_version": "1.5.0",
        "pytorch_version": "1.13.1+cpu",
        "numpy_version": "1.21.2",
        "end_time_seconds": "1676475906"
    },
    "total": 89.1190261,
    "count": 1,
    "self": 0.00759750000000281,
    "children": {
        "run_training.setup": {
            "total": 0.13585519999999995,
            "count": 1,
            "self": 0.13585519999999995
        },
        "TrainerController.start_learning": {
            "total": 88.9755734,
            "count": 1,
            "self": 0.00022490000000630062,
            "children": {
                "TrainerController._reset_env": {
                    "total": 6.036587999999999,
                    "count": 1,
                    "self": 6.036587999999999
                },
                "TrainerController.advance": {
                    "total": 82.8315577,
                    "count": 4,
                    "self": 6.860000000585842e-05,
                    "children": {
                        "env_step": {
                            "total": 82.8314161,
                            "count": 4,
                            "self": 82.8238534,
                            "children": {
                                "SubprocessEnvManager._take_step": {
                                    "total": 0.007534399999999053,
                                    "count": 4,
                                    "self": 0.0003590999999989464,
                                    "children": {
                                        "TorchPolicy.evaluate": {
                                            "total": 0.007175300000000107,
                                            "count": 4,
                                            "self": 0.007175300000000107
                                        }
                                    }
                                },
                                "workers": {
                                    "total": 2.8300000000314185e-05,
                                    "count": 3,
                                    "self": 0.0,
                                    "children": {
                                        "worker_root": {
                                            "total": 2.3419093999999996,
                                            "count": 3,
                                            "is_parallel": true,
                                            "self": 2.286610499999999,
                                            "children": {
                                                "steps_from_proto": {
                                                    "total": 0.000485600000000197,
                                                    "count": 1,
                                                    "is_parallel": true,
                                                    "self": 0.00020089999999983732,
                                                    "children": {
                                                        "_process_rank_one_or_two_observation": {
                                                            "total": 0.00028470000000035967,
                                                            "count": 4,
                                                            "is_parallel": true,
                                                            "self": 0.00028470000000035967
                                                        }
                                                    }
                                                },
                                                "UnityEnvironment.step": {
                                                    "total": 0.054813300000000176,
                                                    "count": 3,
                                                    "is_parallel": true,
                                                    "self": 0.0003612999999997868,
                                                    "children": {
                                                        "UnityEnvironment._generate_step_input": {
                                                            "total": 0.0005638000000001142,
                                                            "count": 3,
                                                            "is_parallel": true,
                                                            "self": 0.0005638000000001142
                                                        },
                                                        "communicator.exchange": {
                                                            "total": 0.0526850000000012,
                                                            "count": 3,
                                                            "is_parallel": true,
                                                            "self": 0.0526850000000012
                                                        },
                                                        "steps_from_proto": {
                                                            "total": 0.0012031999999990717,
                                                            "count": 3,
                                                            "is_parallel": true,
                                                            "self": 0.0004162000000000887,
                                                            "children": {
                                                                "_process_rank_one_or_two_observation": {
                                                                    "total": 0.000786999999998983,
                                                                    "count": 12,
                                                                    "is_parallel": true,
                                                                    "self": 0.000786999999998983
                                                                }
                                                            }
                                                        }
                                                    }
                                                }
                                            }
                                        }
                                    }
                                }
                            }
                        },
                        "trainer_advance": {
                            "total": 7.299999999865747e-05,
                            "count": 3,
                            "self": 5.1799999999602164e-05,
                            "children": {
                                "process_trajectory": {
                                    "total": 2.1199999999055308e-05,
                                    "count": 3,
                                    "self": 2.1199999999055308e-05
                                }
                            }
                        }
                    }
                },
                "TrainerController._save_models": {
                    "total": 0.10720279999999605,
                    "count": 1,
                    "self": 0.003729199999995103,
                    "children": {
                        "RLTrainer._checkpoint": {
                            "total": 0.10347360000000094,
                            "count": 1,