{
    "name": "root",
    "gauges": {
        "SmartRollABall.Policy.Entropy.mean": {
            "value": 2.109647274017334,
            "min": 2.1088924407958984,
            "max": 2.1117467880249023,
            "count": 8
        },
        "SmartRollABall.Policy.Entropy.sum": {
            "value": 21012.087890625,
            "min": 20852.728515625,
            "max": 21438.453125,
            "count": 8
        },
        "SmartRollABall.Step.mean": {
            "value": 79984.0,
            "min": 9960.0,
            "max": 79984.0,
            "count": 8
        },
        "SmartRollABall.Step.sum": {
            "value": 79984.0,
            "min": 9960.0,
            "max": 79984.0,
            "count": 8
        },
        "SmartRollABall.Policy.ExtrinsicValueEstimate.mean": {
            "value": -1.719622015953064,
            "min": -1.719622015953064,
            "max": -0.29603111743927,
            "count": 8
        },
        "SmartRollABall.Policy.ExtrinsicValueEstimate.sum": {
            "value": -275.1395263671875,
            "min": -275.1395263671875,
            "max": -47.068946838378906,
            "count": 8
        },
        "SmartRollABall.Environment.EpisodeLength.mean": {
            "value": 999.0,
            "min": 999.0,
            "max": 999.0,
            "count": 8
        },
        "SmartRollABall.Environment.EpisodeLength.sum": {
            "value": 8991.0,
            "min": 8991.0,
            "max": 11988.0,
            "count": 8
        },
        "SmartRollABall.Environment.CumulativeReward.mean": {
            "value": -31.29999801516533,
            "min": -36.38545227728107,
            "max": -27.551109506024254,
            "count": 8
        },
        "SmartRollABall.Environment.CumulativeReward.sum": {
            "value": -281.69998213648796,
            "min": -400.23997505009174,
            "max": -247.9599855542183,
            "count": 8
        },
        "SmartRollABall.Policy.ExtrinsicReward.mean": {
            "value": -31.29999801516533,
            "min": -36.38545227728107,
            "max": -27.551109506024254,
            "count": 8
        },
        "SmartRollABall.Policy.ExtrinsicReward.sum": {
            "value": -281.69998213648796,
            "min": -400.23997505009174,
            "max": -247.9599855542183,
            "count": 8
        },
        "SmartRollABall.IsTraining.mean": {
            "value": 1.0,
            "min": 1.0,
            "max": 1.0,
            "count": 8
        },
        "SmartRollABall.IsTraining.sum": {
            "value": 1.0,
            "min": 1.0,
            "max": 1.0,
            "count": 8
        },
        "SmartRollABall.Losses.PolicyLoss.mean": {
            "value": 0.01866697327544292,
            "min": 0.012461300778280322,
            "max": 0.01866697327544292,
            "count": 3
        },
        "SmartRollABall.Losses.PolicyLoss.sum": {
            "value": 0.01866697327544292,
            "min": 0.012461300778280322,
            "max": 0.01866697327544292,
            "count": 3
        },
        "SmartRollABall.Losses.ValueLoss.mean": {
            "value": 0.2480114092429479,
            "min": 0.23695126672585806,
            "max": 0.25725520501534144,
            "count": 3
        },
        "SmartRollABall.Losses.ValueLoss.sum": {
            "value": 0.2480114092429479,
            "min": 0.23695126672585806,
            "max": 0.25725520501534144,
            "count": 3
        },
        "SmartRollABall.Policy.LearningRate.mean": {
            "value": 0.0002981481606172799,
            "min": 0.0002981481606172799,
            "max": 0.0002993851202049599,
            "count": 3
        },
        "SmartRollABall.Policy.LearningRate.sum": {
            "value": 0.0002981481606172799,
            "min": 0.0002981481606172799,
            "max": 0.0002993851202049599,
            "count": 3
        },
        "SmartRollABall.Policy.Epsilon.mean": {
            "value": 0.19938272,
            "min": 0.19938272,
            "max": 0.19979503999999995,
            "count": 3
        },
        "SmartRollABall.Policy.Epsilon.sum": {
            "value": 0.19938272,
            "min": 0.19938272,
            "max": 0.19979503999999995,
            "count": 3
        },
        "SmartRollABall.Policy.Beta.mean": {
            "value": 0.004969197728,
            "min": 0.004969197728,
            "max": 0.004989772495999999,
            "count": 3
        },
        "SmartRollABall.Policy.Beta.sum": {
            "value": 0.004969197728,
            "min": 0.004969197728,
            "max": 0.004989772495999999,
            "count": 3
        }
    },
    "metadata": {
        "timer_format_version": "0.1.0",
        "start_time_seconds": "1676472624",
        "python_version": "3.9.13 (tags/v3.9.13:6de2ca5, May 17 2022, 16:36:42) [MSC v.1929 64 bit (AMD64)]",
        "command_line_arguments": "C:\\Users\\itzik\\AppData\\Local\\Programs\\Python\\Python39\\Scripts\\mlagents-learn ./trainer_config.yaml --run-id test001 --force",
        "mlagents_version": "0.30.0",
        "mlagents_envs_version": "0.30.0",
        "communication_protocol_version": "1.5.0",
        "pytorch_version": "1.13.1+cpu",
        "numpy_version": "1.21.2",
        "end_time_seconds": "1676473056"
    },
    "total": 432.2687016,
    "count": 1,
    "self": 0.009183900000039102,
    "children": {
        "run_training.setup": {
            "total": 0.11853840000000004,
            "count": 1,
            "self": 0.11853840000000004
        },
        "TrainerController.start_learning": {
            "total": 432.14097929999997,
            "count": 1,
            "self": 0.5821003999995469,
            "children": {
                "TrainerController._reset_env": {
                    "total": 19.707273400000002,
                    "count": 1,
                    "self": 19.707273400000002
                },
                "TrainerController.advance": {
                    "total": 411.7668420000004,
                    "count": 27001,
                    "self": 0.5627485000015895,
                    "children": {
                        "env_step": {
                            "total": 391.6195186000003,
                            "count": 27001,
                            "self": 355.4153654999985,
                            "children": {
                                "SubprocessEnvManager._take_step": {
                                    "total": 35.82924370000042,
                                    "count": 27001,
                                    "self": 1.4811530000032462,
                                    "children": {
                                        "TorchPolicy.evaluate": {
                                            "total": 34.34809069999717,
                                            "count": 27001,
                                            "self": 34.34809069999717
                                        }
                                    }
                                },
                                "workers": {
                                    "total": 0.37490940000136774,
                                    "count": 27000,
                                    "self": 0.0,
                                    "children": {
                                        "worker_root": {
                                            "total": 300.88387189999906,
                                            "count": 27000,
                                            "is_parallel": true,
                                            "self": 97.61665269999997,
                                            "children": {
                                                "steps_from_proto": {
                                                    "total": 0.0004863999999997759,
                                                    "count": 1,